osm_id,latitude,longitude,source_url,tags_json,release_ready,review_status
6699440600,35.4026055,-105.946962,https://www.openstreetmap.org/node/6699440600,"{""direction"": ""0"", ""fixme"": ""camera or just sensor?"", ""highway"": ""speed_camera"", ""maxspeed"": ""35 mph""}",false,unreconciled_osm_candidate
9515198931,35.6192973,-106.0389867,https://www.openstreetmap.org/node/9515198931,"{""direction"": ""270"", ""highway"": ""speed_camera""}",false,unreconciled_osm_candidate
10581469087,35.0583176,-106.6043126,https://www.openstreetmap.org/node/10581469087,"{""highway"": ""speed_camera"", ""maxspeed"": ""40 mph"", ""ref"": ""Gibson Carlisle WB""}",false,unreconciled_osm_candidate
10581469088,35.0584271,-106.5863723,https://www.openstreetmap.org/node/10581469088,"{""highway"": ""speed_camera"", ""maxspeed"": ""40 mph"", ""ref"": ""Gibson San Mateo WB""}",false,unreconciled_osm_candidate
10581469089,35.1307175,-106.5333661,https://www.openstreetmap.org/node/10581469089,"{""highway"": ""speed_camera"", ""maxspeed"": ""40 mph"", ""ref"": ""Montgomery Eubank WB""}",false,unreconciled_osm_candidate
10581469090,35.075508,-106.619485,https://www.openstreetmap.org/node/10581469090,"{""direction"": ""265"", ""highway"": ""speed_camera"", ""maxspeed"": ""30 mph"", ""ref"": ""Coal Ave Cornell""}",false,unreconciled_osm_candidate
10581469093,35.0644832,-106.7231483,https://www.openstreetmap.org/node/10581469093,"{""highway"": ""speed_camera"", ""maxspeed"": ""40 mph"", ""ref"": ""Unser Tower NB""}",false,unreconciled_osm_candidate
10581469096,35.0874404,-106.5513438,https://www.openstreetmap.org/node/10581469096,"{""highway"": ""speed_camera"", ""maxspeed"": ""40 mph"", ""ref"": ""Lomas Wyoming WB""}",false,unreconciled_osm_candidate
10581469097,35.1319823,-106.5863492,https://www.openstreetmap.org/node/10581469097,"{""highway"": ""speed_camera"", ""maxspeed"": ""40 mph"", ""ref"": ""San Mateo Montgomery NB""}",false,unreconciled_osm_candidate
10581469098,35.0952348,-106.6715171,https://www.openstreetmap.org/node/10581469098,"{""highway"": ""speed_camera"", ""maxspeed"": ""30 mph"", ""ref"": ""Central Rio Grande WB""}",false,unreconciled_osm_candidate
10581469099,35.1352149,-106.7138541,https://www.openstreetmap.org/node/10581469099,"{""highway"": ""speed_camera"", ""maxspeed"": ""45 mph"", ""ref"": ""Unser Western Trail SB""}",false,unreconciled_osm_candidate
10581469103,35.058171,-106.6043266,https://www.openstreetmap.org/node/10581469103,"{""highway"": ""speed_camera"", ""maxspeed"": ""40 mph"", ""ref"": ""Gibson Carlisle EB""}",false,unreconciled_osm_candidate
10581469104,35.0582809,-106.5863216,https://www.openstreetmap.org/node/10581469104,"{""highway"": ""speed_camera"", ""maxspeed"": ""40 mph"", ""ref"": ""Gibson San Mateo EB""}",false,unreconciled_osm_candidate
10581470205,35.130589,-106.5333647,https://www.openstreetmap.org/node/10581470205,"{""highway"": ""speed_camera"", ""maxspeed"": ""40 mph"", ""ref"": ""Montgomery Eubank EB""}",false,unreconciled_osm_candidate
10581470206,35.0644755,-106.7234058,https://www.openstreetmap.org/node/10581470206,"{""highway"": ""speed_camera"", ""maxspeed"": ""40 mph"", ""ref"": ""Unser Tower SB""}",false,unreconciled_osm_candidate
10581470207,35.0872915,-106.5513305,https://www.openstreetmap.org/node/10581470207,"{""highway"": ""speed_camera"", ""maxspeed"": ""40 mph"", ""ref"": ""Lomas Wyoming EB""}",false,unreconciled_osm_candidate
10581470208,35.1319856,-106.5865396,https://www.openstreetmap.org/node/10581470208,"{""highway"": ""speed_camera"", ""maxspeed"": ""40 mph"", ""ref"": ""San Mateo Montgomery SB""}",false,unreconciled_osm_candidate
10581470209,35.0950969,-106.6715198,https://www.openstreetmap.org/node/10581470209,"{""highway"": ""speed_camera"", ""maxspeed"": ""30 mph"", ""ref"": ""Central Rio Grande EB""}",false,unreconciled_osm_candidate
10581470210,35.1350799,-106.7137777,https://www.openstreetmap.org/node/10581470210,"{""highway"": ""speed_camera"", ""maxspeed"": ""45 mph"", ""ref"": ""Unser Western Trail NB""}",false,unreconciled_osm_candidate
10847186464,35.0696864,-106.6416208,https://www.openstreetmap.org/node/10847186464,"{""highway"": ""speed_camera"", ""maxspeed"": ""35 mph"", ""ref"": ""Avenida César Chávez Southeast""}",false,unreconciled_osm_candidate
10847186484,35.0699979,-106.7422981,https://www.openstreetmap.org/node/10847186484,"{""highway"": ""speed_camera"", ""maxspeed"": ""45 mph"", ""ref"": ""98th Street Southwest""}",false,unreconciled_osm_candidate
10847186485,35.0700107,-106.7420795,https://www.openstreetmap.org/node/10847186485,"{""highway"": ""speed_camera"", ""maxspeed"": ""45 mph"", ""ref"": ""98th Street Southwest""}",false,unreconciled_osm_candidate
10847186486,35.0698235,-106.6416374,https://www.openstreetmap.org/node/10847186486,"{""highway"": ""speed_camera"", ""maxspeed"": ""35 mph"", ""ref"": ""Avenida César Chávez Southeast""}",false,unreconciled_osm_candidate
11412742528,35.0582255,-106.5959656,https://www.openstreetmap.org/node/11412742528,"{""direction"": ""85"", ""highway"": ""speed_camera"", ""maxspeed"": ""40 mph""}",false,unreconciled_osm_candidate
11412742529,35.0582201,-106.5959649,https://www.openstreetmap.org/node/11412742529,"{""direction"": ""265"", ""highway"": ""speed_camera"", ""maxspeed"": ""40 mph""}",false,unreconciled_osm_candidate
11412742530,35.1477732,-106.7141167,https://www.openstreetmap.org/node/11412742530,"{""direction"": ""160"", ""highway"": ""speed_camera"", ""maxspeed"": ""40 mph""}",false,unreconciled_osm_candidate
11412742531,35.0874976,-106.5517732,https://www.openstreetmap.org/node/11412742531,"{""direction"": ""85"", ""highway"": ""speed_camera"", ""maxspeed"": ""40 mph""}",false,unreconciled_osm_candidate
11412742532,35.0782732,-106.6259688,https://www.openstreetmap.org/node/11412742532,"{""direction"": ""95"", ""highway"": ""speed_camera"", ""maxspeed"": ""30 mph""}",false,unreconciled_osm_candidate
11412742533,35.0931148,-106.6783268,https://www.openstreetmap.org/node/11412742533,"{""highway"": ""speed_camera"", ""maxspeed"": ""30 mph""}",false,unreconciled_osm_candidate
11412742534,35.0683132,-106.7417737,https://www.openstreetmap.org/node/11412742534,"{""direction"": ""175"", ""highway"": ""speed_camera"", ""maxspeed"": ""45 mph""}",false,unreconciled_osm_candidate
11518221727,35.1471086,-106.5542724,https://www.openstreetmap.org/node/11518221727,"{""direction"": ""315"", ""highway"": ""speed_camera""}",false,unreconciled_osm_candidate
11785891511,35.1746303,-106.5696659,https://www.openstreetmap.org/node/11785891511,"{""direction"": ""90"", ""highway"": ""speed_camera"", ""maxspeed"": ""55 mph""}",false,unreconciled_osm_candidate
12087940066,35.1939793,-106.6797423,https://www.openstreetmap.org/node/12087940066,"{""direction"": ""0;200;both"", ""highway"": ""speed_camera"", ""maxspeed"": ""35 mph"", ""ref"": ""Golf Course NW""}",false,unreconciled_osm_candidate
12087940067,35.0791312,-106.6456839,https://www.openstreetmap.org/node/12087940067,"{""direction"": ""10"", ""highway"": ""speed_camera""}",false,unreconciled_osm_candidate
12087940068,35.2038492,-106.6598281,https://www.openstreetmap.org/node/12087940068,"{""direction"": ""10"", ""highway"": ""speed_camera"", ""maxspeed"": ""45 mph""}",false,unreconciled_osm_candidate
12087956669,35.1682595,-106.6754783,https://www.openstreetmap.org/node/12087956669,"{""direction"": ""200"", ""highway"": ""speed_camera"", ""maxspeed"": ""45 mph""}",false,unreconciled_osm_candidate
12087956670,35.0908541,-106.6487332,https://www.openstreetmap.org/node/12087956670,"{""direction"": ""280"", ""highway"": ""speed_camera"", ""maxspeed"": ""30 mph""}",false,unreconciled_osm_candidate
12087956671,35.2059403,-106.6674602,https://www.openstreetmap.org/node/12087956671,"{""direction"": ""260"", ""highway"": ""speed_camera"", ""maxspeed"": ""40 mph""}",false,unreconciled_osm_candidate
12087956672,35.0749287,-106.5322298,https://www.openstreetmap.org/node/12087956672,"{""direction"": ""180"", ""highway"": ""speed_camera"", ""maxspeed"": ""40 mph""}",false,unreconciled_osm_candidate
12087956673,35.1305974,-106.5635257,https://www.openstreetmap.org/node/12087956673,"{""direction"": ""270"", ""highway"": ""speed_camera"", ""maxspeed"": ""40 mph""}",false,unreconciled_osm_candidate
12240158163,35.1745325,-106.5698554,https://www.openstreetmap.org/node/12240158163,"{""direction"": ""forward"", ""direction_east"": ""yes"", ""highway"": ""speed_camera"", ""maxspeed"": ""40 mph"", ""ref"": ""PdN WB""}",false,unreconciled_osm_candidate
12310625751,35.0731717,-106.5323898,https://www.openstreetmap.org/node/12310625751,"{""highway"": ""speed_camera"", ""maxspeed"": ""40 mph""}",false,unreconciled_osm_candidate
12718015934,35.0731956,-106.5323226,https://www.openstreetmap.org/node/12718015934,"{""highway"": ""speed_camera"", ""maxspeed"": ""40 mph"", ""ref"": ""Eubank NE NB""}",false,unreconciled_osm_candidate
12718015935,35.073189,-106.5324923,https://www.openstreetmap.org/node/12718015935,"{""highway"": ""speed_camera"", ""maxspeed"": ""40 mph"", ""ref"": ""Eubank NE SB""}",false,unreconciled_osm_candidate
12795915923,34.6371799,-106.7278225,https://www.openstreetmap.org/node/12795915923,"{""highway"": ""speed_camera""}",false,unreconciled_osm_candidate
12861865379,35.0670176,-106.6957764,https://www.openstreetmap.org/node/12861865379,"{""direction"": ""forward"", ""highway"": ""speed_camera"", ""maxspeed"": ""40 mph"", ""ref"": ""Bridge WB""}",false,unreconciled_osm_candidate
13105388207,35.2036441,-106.6595796,https://www.openstreetmap.org/node/13105388207,"{""direction"": ""forward"", ""highway"": ""speed_camera"", ""maxspeed"": ""40 mph"", ""ref"": ""Coors Bypass NB27935.00""}",false,unreconciled_osm_candidate
13105388208,35.2037079,-106.6597837,https://www.openstreetmap.org/node/13105388208,"{""direction"": ""forward"", ""highway"": ""speed_camera"", ""maxspeed"": ""40 mph"", ""ref"": ""Coors Bypass SB""}",false,unreconciled_osm_candidate
13380469273,35.2300461,-106.6771429,https://www.openstreetmap.org/node/13380469273,"{""direction"": ""both"", ""highway"": ""speed_camera"", ""maxspeed"": ""40 mph"", ""ref"": ""Golf Course @ 16th""}",false,unreconciled_osm_candidate
13380469274,35.2869236,-106.6569774,https://www.openstreetmap.org/node/13380469274,"{""direction"": ""both"", ""highway"": ""speed_camera"", ""maxspeed"": ""45 mph"", ""ref"": ""Idalia @ Loma Colorado""}",false,unreconciled_osm_candidate
13380469275,35.286773,-106.6179939,https://www.openstreetmap.org/node/13380469275,"{""direction"": ""both"", ""highway"": ""speed_camera"", ""maxspeed"": ""30 mph"", ""ref"": ""Kim @ Saratoga""}",false,unreconciled_osm_candidate
13380469276,35.2506104,-106.6770459,https://www.openstreetmap.org/node/13380469276,"{""direction"": ""forward"", ""highway"": ""speed_camera"", ""maxspeed"": ""30 mph"", ""ref"": ""Broodmoor SB @ Nicklaus""}",false,unreconciled_osm_candidate
13380469277,35.2675925,-106.6435,https://www.openstreetmap.org/node/13380469277,"{""direction"": ""both"", ""highway"": ""speed_camera"", ""maxspeed"": ""30 mph"", ""ref"": ""Rockaway @ Pyrite""}",false,unreconciled_osm_candidate
13380469278,35.3069325,-106.6969369,https://www.openstreetmap.org/node/13380469278,"{""direction"": ""forward"", ""highway"": ""speed_camera"", ""maxspeed"": ""45 mph"", ""ref"": ""Unser SB @ PdV""}",false,unreconciled_osm_candidate
13380469279,35.2256224,-106.6966324,https://www.openstreetmap.org/node/13380469279,"{""highway"": ""speed_camera""}",false,unreconciled_osm_candidate
13380469280,35.306903,-106.6966779,https://www.openstreetmap.org/node/13380469280,"{""direction"": ""forward"", ""highway"": ""speed_camera"", ""maxspeed"": ""45 mph"", ""ref"": ""Unser NB @ PdV""}",false,unreconciled_osm_candidate
13380490909,35.2506114,-106.6769657,https://www.openstreetmap.org/node/13380490909,"{""direction"": ""forward"", ""highway"": ""speed_camera"", ""maxspeed"": ""30 mph"", ""ref"": ""Broodmoor NB @ Nicklaus""}",false,unreconciled_osm_candidate
13380490911,35.256699,-106.6968954,https://www.openstreetmap.org/node/13380490911,"{""direction"": ""forward"", ""highway"": ""speed_camera"", ""maxspeed"": ""40 mph"", ""ref"": ""Unser SB @ 2nd""}",false,unreconciled_osm_candidate
13380490912,35.256708,-106.6967666,https://www.openstreetmap.org/node/13380490912,"{""direction"": ""forward"", ""highway"": ""speed_camera"", ""maxspeed"": ""40 mph"", ""ref"": ""Unser NB @ 2nd""}",false,unreconciled_osm_candidate
13380490924,35.2635409,-106.6771018,https://www.openstreetmap.org/node/13380490924,"{""direction"": ""forward"", ""highway"": ""speed_camera"", ""maxspeed"": ""30 mph"", ""ref"": ""Broodmoor SB @ Loma Colorado""}",false,unreconciled_osm_candidate
13380490925,35.2635477,-106.6769406,https://www.openstreetmap.org/node/13380490925,"{""direction"": ""forward"", ""highway"": ""speed_camera"", ""maxspeed"": ""30 mph"", ""ref"": ""Broodmoor NB @ Loma Colorado""}",false,unreconciled_osm_candidate
13380490952,35.3151091,-106.6989068,https://www.openstreetmap.org/node/13380490952,"{""direction"": ""forward"", ""highway"": ""speed_camera"", ""maxspeed"": ""35 mph"", ""ref"": ""King WB @ Lake Valley (Unser)""}",false,unreconciled_osm_candidate
13380490954,35.3149947,-106.6989046,https://www.openstreetmap.org/node/13380490954,"{""direction"": ""forward"", ""highway"": ""speed_camera"", ""maxspeed"": ""35 mph"", ""ref"": ""King EB @ Lake Valley (Unser)""}",false,unreconciled_osm_candidate
13538504540,35.192354,-106.6916402,https://www.openstreetmap.org/node/13538504540,"{""highway"": ""speed_camera"", ""maxspeed"": ""35 mph""}",false,unreconciled_osm_candidate
13715218470,35.1665643,-106.4961197,https://www.openstreetmap.org/node/13715218470,"{""direction"": ""330"", ""highway"": ""speed_camera"", ""surveillance"": ""outdoor"", ""surveillance:zone"": ""traffic""}",false,unreconciled_osm_candidate
13921481508,35.1283166,-106.5335065,https://www.openstreetmap.org/node/13921481508,"{""highway"": ""speed_camera"", ""image"": ""http://web.archive.org/web/20260630155202/https://streetcomplete.app/p/350847.jpg"", ""maxspeed"": ""40 mph""}",false,unreconciled_osm_candidate
14079677763,35.1747749,-106.5337798,https://www.openstreetmap.org/node/14079677763,"{""check_date"": ""2026-08-07"", ""direction"": ""270"", ""highway"": ""speed_camera"", ""website"": ""https://www.cabq.gov/automated-speed-enforcement""}",false,unreconciled_osm_candidate
